[
  {
    "Sensor_ID": "34",
    "Sensor_Name": "Flinders St-Spark La"
  },
  {
    "Sensor_ID": "39",
    "Sensor_Name": "Alfred Place"
  },
  {
    "Sensor_ID": "37",
    "Sensor_Name": "Lygon St (East)"
  },
  {
    "Sensor_ID": "40",
    "Sensor_Name": "Lonsdale St-Spring St (West)"
  },
  {
    "Sensor_ID": "36",
    "Sensor_Name": "Queen St (West)"
  },
  {
    "Sensor_ID": "29",
    "Sensor_Name": "St Kilda Rd-Alexandra Gardens"
  },
  {
    "Sensor_ID": "42",
    "Sensor_Name": "Grattan St-Swanston St (West)"
  },
  {
    "Sensor_ID": "43",
    "Sensor_Name": "Monash Rd-Swanston St (West)"
  },
  {
    "Sensor_ID": "44",
    "Sensor_Name": "Tin Alley-Swanston St (West)"
  },
  {
    "Sensor_ID": "35",
    "Sensor_Name": "Southbank"
  },
  {
    "Sensor_ID": "45",
    "Sensor_Name": "Little Collins St-Swanston St (East)"
  },
  {
    "Sensor_ID": "46",
    "Sensor_Name": "Pelham St (S)"
  },
  {
    "Sensor_ID": "47",
    "Sensor_Name": "Melbourne Central-Elizabeth St (East)"
  },
  {
    "Sensor_ID": "48",
    "Sensor_Name": "QVM-Queen St (East)"
  },
  {
    "Sensor_ID": "49",
    "Sensor_Name": "QVM-Therry St (South)"
  },
  {
    "Sensor_ID": "50",
    "Sensor_Name": "Faraday St-Lygon St (West)"
  },
  {
    "Sensor_ID": "51",
    "Sensor_Name": "QVM-Franklin St (North)"
  },
  {
    "Sensor_ID": "52",
    "Sensor_Name": "Elizabeth St-Lonsdale St (South)"
  },
  {
    "Sensor_ID": "54",
    "Sensor_Name": "Lincoln-Swanston(West)"
  },
  {
    "Sensor_ID": "55",
    "Sensor_Name": "Elizabeth St-La Trobe St (East)"
  },
  {
    "Sensor_ID": "56",
    "Sensor_Name": "Lonsdale St - Elizabeth St (North)"
  },
  {
    "Sensor_ID": "57",
    "Sensor_Name": "Bourke St Bridge"
  },
  {
    "Sensor_ID": "58",
    "Sensor_Name": "Bourke St - Spencer St (North)"
  },
  {
    "Sensor_ID": "59",
    "Sensor_Name": "Swanston St - RMIT Building 80"
  },
  {
    "Sensor_ID": "61",
    "Sensor_Name": "Swanston St - RMIT Building 14"
  },
  {
    "Sensor_ID": "62",
    "Sensor_Name": "La Trobe St (North)"
  },
  {
    "Sensor_ID": "4",
    "Sensor_Name": "Town Hall (West)"
  },
  {
    "Sensor_ID": "17",
    "Sensor_Name": "Collins Place (South)"
  },
  {
    "Sensor_ID": "18",
    "Sensor_Name": "Collins Place (North)"
  },
  {
    "Sensor_ID": "53",
    "Sensor_Name": "Collins St (North)"
  },
  {
    "Sensor_ID": "2",
    "Sensor_Name": "Bourke Street Mall (South)"
  },
  {
    "Sensor_ID": "1",
    "Sensor_Name": "Bourke Street Mall (North)"
  },
  {
    "Sensor_ID": "3",
    "Sensor_Name": "Melbourne Central"
  },
  {
    "Sensor_ID": "15",
    "Sensor_Name": "State Library"
  },
  {
    "Sensor_ID": "9",
    "Sensor_Name": "Southern Cross Station"
  },
  {
    "Sensor_ID": "10",
    "Sensor_Name": "Victoria Point"
  },
  {
    "Sensor_ID": "12",
    "Sensor_Name": "New Quay"
  },
  {
    "Sensor_ID": "11",
    "Sensor_Name": "Waterfront City"
  },
  {
    "Sensor_ID": "8",
    "Sensor_Name": "Webb Bridge"
  },
  {
    "Sensor_ID": "7",
    "Sensor_Name": "Birrarung Marr"
  },
  {
    "Sensor_ID": "5",
    "Sensor_Name": "Princes Bridge"
  },
  {
    "Sensor_ID": "6",
    "Sensor_Name": "Flinders Street Station Underpass"
  },
  {
    "Sensor_ID": "14",
    "Sensor_Name": "Sandridge Bridge"
  },
  {
    "Sensor_ID": "26",
    "Sensor_Name": "QV Market-Elizabeth St (West)"
  },
  {
    "Sensor_ID": "24",
    "Sensor_Name": "Spencer St-Collins St (North)"
  },
  {
    "Sensor_ID": "23",
    "Sensor_Name": "Spencer St-Collins St (South)"
  },
  {
    "Sensor_ID": "25",
    "Sensor_Name": "Melbourne Convention Exhibition Centre"
  },
  {
    "Sensor_ID": "21",
    "Sensor_Name": "Bourke St-Russell St (West)"
  },
  {
    "Sensor_ID": "20",
    "Sensor_Name": "Chinatown-Lt Bourke St (South)"
  },
  {
    "Sensor_ID": "19",
    "Sensor_Name": "Chinatown-Swanston St (North)"
  },
  {
    "Sensor_ID": "22",
    "Sensor_Name": "Flinders St-Elizabeth St (East)"
  },
  {
    "Sensor_ID": "27",
    "Sensor_Name": "QV Market-Peel St"
  },
  {
    "Sensor_ID": "28",
    "Sensor_Name": "The Arts Centre"
  },
  {
    "Sensor_ID": "31",
    "Sensor_Name": "Lygon St (West)"
  },
  {
    "Sensor_ID": "30",
    "Sensor_Name": "Lonsdale St (South)"
  },
  {
    "Sensor_ID": "41",
    "Sensor_Name": "Flinders La-Swanston St (West)"
  },
  {
    "Sensor_ID": "13",
    "Sensor_Name": "Flagstaff Station"
  },
  {
    "Sensor_ID": "16",
    "Sensor_Name": "Australia on Collins"
  },
  {
    "Sensor_ID": "32",
    "Sensor_Name": "City Square"
  },
  {
    "Sensor_ID": "33",
    "Sensor_Name": "Flinders St-Spring St (West)"
  },
  {
    "Sensor_ID": "38",
    "Sensor_Name": "Flinders St-Swanston St (West)"
  },
  {
    "Sensor_ID": "60",
    "Sensor_Name": "Flinders La - Swanston St (West) Temp"
  },
  {
    "Sensor_ID": "63",
    "Sensor_Name": "231 Bourke St"
  },
  {
    "Sensor_ID": "64",
    "Sensor_Name": "Royal Pde-Grattan St"
  },
  {
    "Sensor_ID": "65",
    "Sensor_Name": "Swanston St - City Square"
  },
  {
    "Sensor_ID": "66",
    "Sensor_Name": "State Library-New"
  },
  {
    "Sensor_ID": "67",
    "Sensor_Name": "Flinders Ln -Degraves St (South)"
  },
  {
    "Sensor_ID": "68",
    "Sensor_Name": "Flinders Ln -Degraves St (North)"
  },
  {
    "Sensor_ID": "69",
    "Sensor_Name": "Flinders Ln -Degraves St (Crossing)"
  },
  {
    "Sensor_ID": "70",
    "Sensor_Name": "Errol Street (East)"
  },
  {
    "Sensor_ID": "71",
    "Sensor_Name": "Westwood Place"
  },
  {
    "Sensor_ID": "73",
    "Sensor_Name": "Bourke St - Spencer St (South)"
  },
  {
    "Sensor_ID": "72",
    "Sensor_Name": "Flinders St-ACMI"
  },
  {
    "Sensor_ID": "75",
    "Sensor_Name": "Spring St- Flinders St (West)"
  }
]